Symbol,Name,Last Sale,Net Change,% Change,Market Cap,Country,IPO Year,Volume,Sector,Industry
AAMC,Altisource Asset Management Corp Com,$61.11,-3.69,-5.694%,107457107.00,United States,,19903,Finance,Real Estate
AAU,Almaden Minerals Ltd. Common Shares,$0.1286,0.0004,0.312%,17646673.00,Canada,2015,166522,,
ACAQ,Athena Consumer Acquisition Corp. Class A Common Stock,$10.78,0.00,0.00%,0.00,,2021,12,Finance,Blank Checks
ACU,Acme United Corporation. Common Stock,$24.70,0.26,1.064%,87579408.00,United States,1988,4356,Consumer Discretionary,Industrial Machinery/Components
ADEX,Adit EdTech Acquisition Corp. Common Stock,$10.65,0.05,0.472%,99763044.00,,2021,26506,Technology,EDP Services
ADRT,Ault Disruptive Technologies Corporation Common Stock,$11.02,0.12,1.101%,158412500.00,,2022,1539798,Finance,Blank Checks
AE,Adams Resources & Energy Inc. Common Stock,$34.50,-0.50,-1.429%,87446633.00,United States,1980,8787,Energy,Oil Refining/Marketing
AEF,abrdn Emerging Markets Equity Income Fund Inc. Common Stock,$5.47,-0.02,-0.364%,254300721.00,United States,,19666,Finance,Finance/Investors Services
AGE,AgeX Therapeutics Inc. Common Stock,$0.684,0.00,0.00%,25958663.00,,2018,12142,Health Care,Biotechnology: Pharmaceutical Preparations
AIM,AIM ImmunoTech Inc. Common Stock,$0.4714,-0.0226,-4.575%,18709872.00,United States,1997,73647,Health Care,Biotechnology: Biological Products (No Diagnostic Substances)
AINC,Ashford Inc. (Holding Company) Common Stock,$10.22,-0.20,-1.919%,32671030.00,United States,2014,3823,Consumer Discretionary,Professional Services
AIRI,Air Industries Group Common Stock,$3.58,0.07,1.994%,11668534.00,United States,,5149,Industrials,Military/Government/Technical
AMBI,Ambipar Emergency Response Class A Ordinary Shares,$6.05,0.00,0.00%,98010000.00,,,2042,Industrials,Environmental Services
AMBO,Ambow Education Holding Ltd. American Depository Shares each representing two Class A ordinary shares,$0.237,0.007,3.043%,6722212.00,China,,17143,Consumer Discretionary,Educational Services
AMPE,Ampio Pharmaceuticals Inc.,$0.255,-0.0062,-2.374%,3851234.00,United States,2022,55415,Health Care,Biotechnology: Pharmaceutical Preparations
AMS,American Shared Hospital Services Common Stock,$2.58,-0.02,-0.769%,16032120.00,United States,1988,4845,Health Care,Medical Specialities
APT,Alpha Pro Tech Ltd. Common Stock,$3.82,0.01,0.262%,46558947.00,Canada,2000,26367,,
AREN,The Arena Group Holdings Inc. Common Stock,$3.73,0.21,5.966%,82056636.00,,2022,128005,Health Care,Medical/Dental Instruments
ARMP,Armata Pharmaceuticals Inc. Common Stock,$1.51,0.07,4.861%,54578506.00,United States,,4161,Health Care,Biotechnology: Biological Products (No Diagnostic Substances)
ASM,Avino Silver & Gold Mines Ltd. Common Shares (Canada),$0.681,0.009,1.339%,81172106.00,Canada,,285155,Basic Materials,Metal Mining
ASXC,Asensus Surgical Inc. Common Stock,$0.53,-0.02,-3.636%,126916745.00,United States,,362037,Health Care,Medical/Dental Instruments
ATNM,Actinium Pharmaceuticals Inc. (Delaware) Common Stock,$7.75,0.01,0.129%,204676152.00,United States,,278865,Health Care,Biotechnology: Pharmaceutical Preparations
AULT,Ault Alliance Inc. Common Stock,$8.85,0.3722,4.39%,12264525.00,United States,1997,54592,Technology,Industrial Machinery/Components
AULT^D,Ault Alliance Inc. 13.00% Series D Cumulative Redeemable Perpetual Preferred Stock,$10.01,-0.69,-6.449%,,United States,,16938,,
AUMN,Golden Minerals Company Common Stock,$2.25,-0.07,-3.017%,399701693.00,United States,,44678,Basic Materials,Precious Metals
AUST,Austin Gold Corp. Common Shares,$0.9899,-0.0001,-0.01%,13135973.00,,2022,136036,,
AWX,Avalon Holdings Corporation Common Stock,$2.25,0.00,0.00%,7397206.00,United States,1998,6325,Utilities,Environmental Services
AZTR,Azitra Inc,$4.94,4.94,,0.00,,,940804,,
BACA,Berenson Acquisition Corp. I Class A Common Stock,$10.30,0.00,0.00%,0.00,,2021,130,Finance,Blank Checks
BATL,Battalion Oil Corporation Common Stock,$6.16,-0.13,-2.067%,101378391.00,,,17341,Energy,Oil & Gas Production
BCV,Bancroft Fund Ltd.,$16.885,0.035,0.208%,0.00,United States,1972,20553,Finance,Finance/Investors Services
BCV^A,Bancroft Fund Limited 5.375% Series A Cumulative Preferred Shares,$23.56,0.01,0.042%,,United States,,3110,,
BDL,Flanigan's Enterprises Inc. Common Stock,$31.02,-0.80,-2.514%,57655230.00,United States,1972,899,Consumer Discretionary,Restaurants
BGI,Birks Group Inc. Common Stock,$5.51,-0.16,-2.822%,60444700.00,Canada,,36159,Consumer Discretionary,Consumer Specialties
BHB,Bar Harbor Bankshares Inc. Common Stock,$26.80,-0.02,-0.075%,405847354.00,United States,1997,67967,Finance,Major Banks
BHM,Bluerock Homes Trust Inc. Class A Common Stock,$16.93,0.40,2.42%,65070489.00,,2022,37640,Real Estate,Real Estate Investment Trusts
BITE,Bite Acquisition Corp. Common Stock,$10.30,-0.01,-0.097%,0.00,,2021,336,Finance,Blank Checks
BKTI,BK Technologies Corporation Common Stock,$15.80,-0.69,-4.184%,53714265.00,United States,,12772,Technology,Radio And Television Broadcasting And Communications Equipment
BLUA,BlueRiver Acquisition Corp. Class A Ordinary Shares,$10.53,0.03,0.286%,0.00,,2021,13157,Finance,Blank Checks
BMTX,BM Technologies Inc. Common Stock,$3.03,-0.08,-2.572%,35943981.00,,2018,38736,Finance,Major Banks
BRBS,Blue Ridge Bankshares Inc. Common Stock,$9.23,-0.05,-0.539%,174839395.00,,,55122,Finance,Commercial Banks
BRN,Barnwell Industries Inc. Common Stock,$2.57,-0.13,-4.815%,25588686.00,United States,1965,39672,Energy,Oil & Gas Production
BTG,B2Gold Corp Common shares (Canada),$3.66,0.09,2.521%,3941468640.00,Canada,,36374078,Basic Materials,Precious Metals
BTTR,Better Choice Company Inc. Common Stock,$0.25,0.00,0.00%,7635287.00,,2021,60822,Consumer Staples,Beverages (Production/Distribution)
BURU,Nuburu Inc. Common Stock,$0.6923,-0.0335,-4.616%,23251272.00,,2020,110648,Technology,Industrial Machinery/Components
CANF,Can-Fite Biopharma Ltd Sponsored ADR (Israel),$3.22,0.10,3.205%,8755676.00,Israel,,12325,Health Care,Biotechnology: Pharmaceutical Preparations
CATX,Perspective Therapeutics Inc. Common Stock,$0.7084,0.1388,24.368%,198445055.00,United States,,1375524,Health Care,Medical/Dental Instruments
CCEL,Cryo-Cell International Inc. Common Stock,$6.04,0.04,0.667%,50153768.00,United States,2022,10928,Health Care,Managed Health Care
CCF,Chase Corporation Common Stock,$127.42,-3.06,-2.345%,1211154495.00,United States,1995,79590,Consumer Discretionary,Building Products
CEI,Camber Energy Inc. Common Stock,$1.03,0.03,3.00%,23304758.00,United States,,440097,Energy,Oil & Gas Production
CET,Central Securities Corporation Common Stock,$36.02,-0.275,-0.758%,982261222.00,United States,1951,17433,Finance,Finance/Investors Services
CEV,Eaton Vance California Municipal Income Trust Shares of Beneficial Interest,$9.97,-0.04,-0.40%,70124743.00,United States,1999,5992,Finance,Finance/Investors Services
CHAA,Catcha Investment Corp. Class A Ordinary Shares,$10.38,-0.03,-0.288%,0.00,,2021,2256,Finance,Blank Checks
CIK,Credit Suisse Asset Management Income Fund Inc. Common Stock,$2.90,0.02,0.694%,0.00,United States,,87420,Finance,Finance/Investors Services
CIX,CompX International Inc. Common Stock,$22.80,1.23,5.702%,280603180.00,United States,1998,15379,Consumer Discretionary,Industrial Machinery/Components
CKX,CKX Lands Inc. Common Stock,$10.16,0.22,2.213%,20060178.00,United States,2003,244,Energy,Oil & Gas Production
CLM,Cornerstone Strategic Value Fund Inc. New Common Stock,$8.13,-0.03,-0.368%,0.00,United States,2003,868278,Finance,Finance/Investors Services
CMCL,Caledonia Mining Corporation Plc Common Shares,$13.55,0.74,5.777%,260024500.00,Canada,,142415,Basic Materials,Precious Metals
CMT,Core Molding Technologies Inc Common Stock,$19.24,0.08,0.418%,175241422.00,United States,1996,41509,Industrials,Plastic Products
COE,51Talk Online Education Group American depositary shares each representing 60 Class A ordinary shares,$6.67,0.17,2.615%,37765040.00,China,2016,2409,Consumer Discretionary,Educational Services
COHN,Cohen & Company Inc.,$4.74,0.23,5.10%,8626165.00,United States,,216602,Finance,Investment Bankers/Brokers/Service
CPHI,China Pharma Holdings Inc. Common Stock,$0.3609,-0.009,-2.433%,3514324.00,China,,157986,Health Care,Biotechnology: Pharmaceutical Preparations
CQP,Cheniere Energy Partners LP Cheniere Energy Partners LP Common Units,$47.07,1.25,2.728%,22783439100.00,United States,2007,595751,Utilities,Oil/Gas Transmission
CRF,Cornerstone Total Return Fund Inc. (The) Common Stock,$7.68,-0.09,-1.158%,0.00,United States,2003,559772,Finance,Finance/Investors Services
CTGO,Contango ORE Inc. Common Stock,$31.46,1.67,5.606%,239716328.00,,2021,61449,Basic Materials,Precious Metals
CTM,Castellum Inc. Common Stock,$0.52,0.0189,3.772%,24612470.00,,2022,200705,Technology,EDP Services
CVM,Cel-Sci Corporation Common Stock,$2.59,0.18,7.469%,115811019.00,United States,1997,252510,Health Care,Biotechnology: Biological Products (No Diagnostic Substances)
CVR,Chicago Rivet & Machine Co. Common Stock,$26.87,0.87,3.346%,25959967.00,United States,1930,5997,Industrials,Industrial Machinery/Components
CVU,CPI Aerostructures Inc. Common Stock,$3.88,0.45,13.12%,47863276.00,United States,2022,240390,Industrials,Military/Government/Technical
CYBN,Cybin Inc. Common Shares,$0.2772,0.0022,0.80%,55509347.00,,,1697704,Health Care,Pharmaceuticals and Biotechnology
DC,Dakota Gold Corp. Common Stock,$3.23,0.02,0.623%,243265680.00,,2022,441438,Basic Materials,Precious Metals
DHY,Credit Suisse High Yield Bond Fund Common Stock,$1.90,-0.02,-1.042%,0.00,United States,1998,259025,Finance,Finance/Investors Services
DIT,AMCON Distributing Company Common Stock,$203.51,12.51,6.55%,124355193.00,United States,1999,2549,Consumer Discretionary,Food Distributors
DLA,Delta Apparel Inc. Common Stock,$11.21,0.13,1.173%,78481434.00,United States,2000,8000,Consumer Staples,Apparel
DMF,BNY Mellon Municipal Income Inc. Common Stock,$6.30,-0.01,-0.158%,0.00,United States,1988,109836,Finance,Finance/Investors Services
DMYY,dMY Squared Technology Group Inc. Class A Common Stock,$10.32,0.07,0.683%,0.00,,2022,100,Finance,Blank Checks
DNN,Denison Mines Corp Ordinary Shares (Canada),$1.25,0.01,0.806%,1044226918.00,Canada,,2180845,Basic Materials,Other Metals and Minerals
DPSI,DecisionPoint Systems Inc. Common Stock,$5.06,-0.0807,-1.57%,37531751.00,,2022,14687,Technology,Retail: Computer Software & Peripheral Equipment
DSS,DSS Inc. Common Stock,$0.249,0.034,15.814%,34925798.00,United States,,471095,Consumer Discretionary,Containers/Packaging
DXF,Dunxin Financial Holdings Limited American Depositary Shares,$0.17,0.00,0.00%,3692039.00,China,,2341141,Finance,Finance: Consumer Services
EAD,Allspring Income Opportunities Fund Common Shares,$6.30,-0.04,-0.631%,0.00,United States,2003,137651,Finance,Finance/Investors Services
ECF,Ellsworth Growth and Income Fund Ltd.,$8.47,0.04,0.474%,0.00,United States,1986,31934,Finance,Finance/Investors Services
ECF^A,Ellsworth Growth and Income Fund Ltd. 5.25% Series A Cumulative Preferred Shares (Liquidation Preference $25.00 per share),$23.07,-0.10,-0.432%,,United States,,1747,,
EFSH,1847 Holdings LLC Common Shares,$0.4139,0.0214,5.452%,2100512.00,,2022,260409,Consumer Discretionary,Professional Services
EIM,Eaton Vance Municipal Bond Fund Common Shares of Beneficial Interest $.01 par value,$9.93,-0.04,-0.401%,0.00,United States,2002,111199,Finance,Finance/Investors Services
ELA,Envela Corporation Common Stock,$7.56,-0.07,-0.917%,203548320.00,United States,,32375,Consumer Discretionary,Consumer Specialties
ELLO,Ellomay Capital Ltd Ordinary Shares (Israel),$17.83,0.22,1.249%,229115500.00,Israel,,238,Utilities,Electric Utilities: Central
ELMD,Electromed Inc. Common Stock,$11.72,0.52,4.643%,100336092.00,United States,2011,13891,Health Care,Biotechnology: Electromedical & Electrotherapeutic Apparatus
EMAN,eMagin Corporation Common Stock,$1.96,0.00,0.00%,162761720.00,United States,,2139102,Technology,Industrial Machinery/Components
EMX,EMX Royalty Corporation Common Shares (Canada),$1.76,-0.02,-1.124%,194768974.00,Canada,,121056,Basic Materials,Metal Mining
ENSV,Enservco Corporation Common Stock,$0.389,-0.001,-0.256%,7281344.00,United States,,179624,Energy,Oilfield Services/Equipment
ENX,Eaton Vance New York Municipal Bond Fund Common Shares of Beneficial Interest $.01 par value,$9.52,-0.04,-0.418%,0.00,United States,2002,13126,Finance,Finance/Investors Services
EP,Empire Petroleum Corporation Common Stock,$10.08,-0.49,-4.636%,200139479.00,United States,2022,38701,Energy,Oil & Gas Production
EPM,Evolution Petroleum Corporation Inc. Common Stock,$8.44,0.12,1.442%,280787710.00,United States,,832477,Energy,Oil & Gas Production
EQX,Equinox Gold Corp. Common Shares,$4.64,0.03,0.651%,1449162939.00,Canada,,4948267,Basic Materials,Precious Metals
ERC,Allspring Multi-Sector Income Fund Common Stock,$9.02,-0.07,-0.77%,0.00,United States,2003,66196,Finance,Finance/Investors Services
ERH,Allspring Utilities and High Income Fund Common Shares,$10.28,0.01,0.097%,0.00,,2004,5325,Finance,Finance/Investors Services
ESP,Espey Mfg. & Electronics Corp. Common Stock,$17.65,0.4218,2.448%,47701472.00,United States,1960,22382,Technology,Industrial Machinery/Components
EU,enCore Energy Corp. Common Shares,$2.50,-0.06,-2.344%,357867553.00,,2023,610362,,
EVBN,Evans Bancorp Inc. Common Stock,$25.25,-0.30,-1.174%,137934766.00,United States,,29425,Finance,Major Banks
EVE,EVe Mobility Acquisition Corp Class A Ordinary Shares,$10.37,-0.10,-0.955%,0.00,,2022,14426,Finance,Blank Checks
EVI,EVI Industries Inc.  Common Stock,$21.89,0.55,2.577%,275260949.00,United States,1999,16560,Consumer Discretionary,Other Consumer Services
EVM,Eaton Vance California Municipal Bond Fund Common Shares of Beneficial Interest $.01 par value,$8.9104,0.0104,0.117%,0.00,United States,2002,88335,Finance,Finance/Investors Services
EVV,Eaton Vance Limited Duration Income Fund Common Shares of Beneficial Interest,$9.17,0.015,0.164%,0.00,United States,2003,234365,Finance,Finance/Investors Services
FAX,abrdn Asia-Pacific Income Fund Inc. Common Stock,$2.73,0.03,1.111%,0.00,United States,1986,423450,Finance,Investment Managers
FCO,abrdn Global Income Fund Inc. Common Stock,$5.60,0.13,2.377%,0.00,United States,1992,87315,Finance,Investment Managers
FEN,First Trust Energy Income and Growth Fund,$12.99,0.03,0.231%,0.00,United States,2004,47182,Finance,Finance/Investors Services
FGH,FG Group Holdings Inc. Common Stock,$2.08,0.15,7.772%,40496870.00,United States,,114135,Consumer Discretionary,Industrial Machinery/Components
FLAG,First Light Acquisition Group Inc. Class A Common Stock,$10.41,0.00,0.00%,0.00,,2021,7,Health Care,Biotechnology: Biological Products (No Diagnostic Substances)
FOXO,FOXO Technologies Inc. Class A Common Stock,$0.3274,-0.0173,-5.019%,8894826.00,,2022,523636,Technology,Retail: Computer Software & Peripheral Equipment
FRD,Friedman Industries Inc. Common Stock,$9.88,-0.29,-2.852%,72870809.00,United States,1975,8281,Industrials,Steel/Iron Ore
FSI,Flexible Solutions International Inc. Common Stock (CDA),$2.60,-0.08,-2.985%,32332383.00,Canada,2002,23941,Consumer Discretionary,Recreational Games/Products/Toys
FSP,Franklin Street Properties Corp. Common Stock,$1.42,-0.03,-2.069%,146594998.00,United States,,990809,Real Estate,Real Estate Investment Trusts
FTF,Franklin Limited Duration Income Trust Common Shares of Beneficial Interest,$6.16,-0.04,-0.645%,248897104.00,United States,2003,65190,Finance,Finance/Investors Services
FURY,Fury Gold Mines Limited Common Shares,$0.3853,-0.0534,-12.172%,53738157.00,,2020,390831,Basic Materials,Precious Metals
GAU,Galiano Gold Inc.,$0.60,0.0215,3.717%,134966072.00,Canada,,68310,,
GBR,New Concept Energy Inc Common Stock,$1.24,-0.02,-1.587%,6363598.00,United States,1993,7477,Energy,Oil & Gas Production
GENC,Gencor Industries Inc. Common Stock,$14.39,0.09,0.629%,210924332.00,United States,,71782,Industrials,Construction/Ag Equipment/Trucks
GGN,GAMCO Global Gold Natural Resources & Income Trust,$3.75,0.00,0.00%,0.00,United States,2005,303884,Finance,Finance/Investors Services
GGN^B,GAMCO Global Gold Natural Reources & Income Trust 5.00% Series B Cumulative 25.00 Liquidation Preference,$22.3556,-0.0044,-0.02%,,United States,,647,,
GLDG,GoldMining Inc. Common Shares,$0.9075,-0.0225,-2.419%,152573880.00,,,4892940,Basic Materials,Precious Metals
GLO,Clough Global Opportunities Fund Common Stock,$4.88,-0.07,-1.414%,0.00,United States,2006,250072,Finance,Finance/Investors Services
GLQ,Clough Global Equity Fund Clough Global Equity Fund Common Shares of Beneficial Interest,$6.11,-0.08,-1.292%,0.00,United States,2005,68419,Finance,Finance/Investors Services
GLTA,Galata Acquisition Corp. Class A Ordinary Shares,$10.53,-0.01,-0.095%,0.00,,2021,100,Consumer Discretionary,Rental/Leasing Companies
GLU,Gabelli Global Utility Common Shares of Beneficial Ownership,$14.05,0.13,0.934%,83863200.00,United States,2004,4629,Finance,Finance/Investors Services
GLU^A,The Gabelli Global Utility and Income Trust Series A Cumulative Puttable and Callable Preferred Shares,$50.08,1.21,2.476%,,United States,,929,,
GLU^B,The Gabelli Global Utility and Income Trust Series B Cumulative Puttable and Callable Preferred Shares,$49.55,-0.10,-0.201%,,United States,,2926,,
GLV,Clough Global Dividend and Income Fund Common Shares of beneficial interest,$5.53,-0.03,-0.54%,70283994.00,United States,2004,45037,Finance,Finance/Investors Services
GNS,Genius Group Limited Ordinary Shares,$0.828,0.0163,2.008%,22939928.00,,2022,1500120,Consumer Discretionary,Educational Services
GORO,Gold Resource Corporation Common Stock,$0.8549,0.075,9.617%,75631757.00,United States,,748966,Basic Materials,Precious Metals
GRF,Eagle Capital Growth Fund Inc. Common Stock,$8.773,0.213,2.488%,0.00,United States,,3782,Finance,Finance/Investors Services
GRFX,Graphex Group Limited American Depositary Shares each American Depositary Share representing 20 Ordinary Shares,$1.25,0.15,13.636%,42715191.00,,2022,90411,,
GROY,Gold Royalty Corp. Common Shares,$1.81,-0.05,-2.688%,260482655.00,,2021,1230665,Basic Materials,Precious Metals
GSAT,Globalstar Inc. Common Stock,$1.10,-0.07,-5.983%,1980000000.00,United States,2006,8308325,Consumer Discretionary,Telecommunications Equipment
GTE,Gran Tierra Energy Inc. Common Stock,$5.48,0.07,1.294%,1825218350.00,Canada,,604719,Energy,Oil & Gas Production
HNRA,HNR Acquisition Corp Common Stock,$10.58,0.00,0.00%,0.00,,2022,6533,Energy,Oil & Gas Production
HNW,Pioneer Diversified High Income Fund Inc.,$10.06,-0.03,-0.297%,0.00,United States,2007,36231,Finance,Finance/Investors Services
HUSA,Houston American Energy Corporation Common Stock,$2.21,-0.05,-2.212%,24103040.00,United States,,63240,Energy,Oil & Gas Production
HWM^,Howmet Aerospace Inc. $3.75 Preferred Stock,$59.50,0.50,0.847%,,United States,,310,,
IAF,abrdn Australia Equity Fund Inc. Common Stock,$4.44,0.00,0.00%,0.00,United States,1985,85557,Finance,Finance/Investors Services
IAUX,i-80 Gold Corp. Common Shares,$2.21,-0.03,-1.339%,531214644.00,,2022,1432549,,
IBIO,iBio Inc. Common Stock,$0.70,-0.0027,-0.384%,11758610.00,United States,,849210,Health Care,Biotechnology: Pharmaceutical Preparations
ID,PARTS iD Inc. Class A Common Stock,$0.361,-0.0026,-0.715%,12572176.00,United States,2017,201279,Miscellaneous,Diversified Commercial Services
IDR,Idaho Strategic Resources Inc. Common Stock,$5.20,0.20,4.00%,62909964.00,,2022,19228,Basic Materials,Precious Metals
IE,Ivanhoe Electric Inc. Common Stock,$14.82,0.28,1.926%,1377675855.00,,2022,548365,Basic Materials,Metal Mining
IGC,IGC Pharma Inc. Common Stock,$0.31,0.0102,3.402%,16454005.00,United States,,79337,Health Care,Biotechnology: Pharmaceutical Preparations
IHT,InnSuites Hospitality Trust Shares of Beneficial Interest,$3.10,0.25,8.772%,28454872.00,United States,1999,160795,Real Estate,Real Estate Investment Trusts
IMO,Imperial Oil Limited Common Stock,$49.73,-0.33,-0.659%,29049928690.00,Canada,1929,424380,Energy,Integrated oil Companies
INDO,Indonesia Energy Corporation Limited Ordinary Shares,$4.35,-0.18,-3.974%,44109000.00,,2019,83152,Energy,Oil & Gas Production
INFU,InfuSystems Holdings Inc. Common Stock,$9.93,0.79,8.643%,207846290.00,United States,,327181,Health Care,Medical/Dental Instruments
INLX,Intellinetics Inc. Common Stock,$3.70,0.1879,5.35%,15072901.00,,2022,490,Technology,Computer Software: Prepackaged Software
INTT,inTest Corporation Common Stock,$24.19,-1.43,-5.582%,269267744.00,United States,1997,226591,Industrials,Electrical Products
INUV,Inuvo Inc.,$0.2349,0.0009,0.385%,28573578.00,United States,,380735,Consumer Discretionary,Advertising
IOR,Income Opportunity Realty Investors Inc. Common Stock,$10.80,-0.31,-2.79%,45018871.00,United States,1987,1041,Real Estate,Real Estate Investment Trusts
IPVF,InterPrivate III Financial Partners Inc. Class A Common Stock,$10.94,0.292,2.742%,102430410.00,,2021,513,Finance,Investment Bankers/Brokers/Service
ISDR,Issuer Direct Corporation Common Stock,$19.50,0.655,3.476%,73924890.00,United States,,23446,Consumer Discretionary,Publishing
ITP,IT Tech Packaging Inc. Common Stock,$0.46,0.01,2.222%,4630323.00,China,,20300,Basic Materials,Paper
ITRG,Integra Resources Corp. Common Shares,$0.9386,-0.0079,-0.835%,64554591.00,,,42192,Basic Materials,Precious Metals
JOB,GEE Group Inc. Common Stock,$0.53,0.0015,0.284%,60658741.00,United States,1968,172406,Consumer Discretionary,Diversified Commercial Services
JWSM,Jaws Mustang Acquisition Corp. Class A Ordinary Shares,$10.73,0.18,1.706%,0.00,,2021,621,Finance,Blank Checks
KIQ,Kelso Technologies Inc Ordinary Shares,$0.2484,-0.0165,-6.229%,13493109.00,Canada,,28324,,
KNW,Know Labs Inc. Common Stock,$1.33,0.28,26.667%,58319544.00,,2022,348167,Industrials,Industrial Machinery/Components
KULR,KULR Technology Group Inc. Common Stock,$0.6916,-0.0047,-0.675%,81831912.00,United States,,168129,Technology,Electrical Products
LCTX,Lineage Cell Therapeutics Inc. Common Stock,$1.41,-0.12,-7.843%,211473699.00,United States,,887716,Health Care,Biotechnology: Biological Products (No Diagnostic Substances)
LEU,Centrus Energy Corp. Class A Common Stock,$35.40,0.14,0.397%,548028037.00,United States,2014,346754,Industrials,Mining & Quarrying of Nonmetallic Minerals (No Fuels)
LGL,LGL Group Inc. (The) Common Stock,$4.71,0.02,0.426%,25212333.00,United States,1946,7296,Technology,Industrial Machinery/Components
LNG,Cheniere Energy Inc. Common Stock,$148.68,1.50,1.019%,36123023689.00,United States,2001,1987574,Utilities,Oil/Gas Transmission
LODE,Comstock Inc. Common Stock,$0.9298,0.0098,1.065%,95497529.00,United States,,2261977,Finance,Real Estate
LPTV,Loop Media Inc. Common Stock,$3.21,0.21,7.00%,180983681.00,,2022,1114024,Industrials,Broadcasting
LSF,Laird Superfood Inc. Common Stock,$0.8218,-0.0382,-4.442%,7963266.00,,2020,20857,Consumer Staples,Packaged Foods
LXFR,Luxfer Holdings PLC Ordinary Shares,$16.11,-0.04,-0.248%,433842300.00,United Kingdom,2012,113446,Industrials,Major Chemicals
MAG,MAG Silver Corporation Ordinary Shares,$12.32,-0.21,-1.676%,1267144081.00,Canada,,14627839,Basic Materials,Precious Metals
MAIA,MAIA Biotechnology Inc. Common Stock,$2.33,0.03,1.304%,31748405.00,,2022,72442,Health Care,Biotechnology: Pharmaceutical Preparations
MGLD,The Marygold Companies Inc. Common Stock,$1.21,-0.13,-9.701%,47653985.00,,2022,34080,Finance,Finance/Investors Services
MHH,Mastech Digital Inc Common Stock,$10.80,0.60,5.882%,125833630.00,United States,,36793,Consumer Discretionary,Professional Services
MIMO,Airspan Networks Holdings Inc. Common Stock,$0.1526,0.0025,1.666%,11381365.00,,2020,707627,Consumer Discretionary,Telecommunications Equipment
MITQ,Moving iMage Technologies Inc. Common Stock,$1.11,0.00,0.00%,12113996.00,United States,2021,16519,Telecommunications,Telecommunications Equipment
MLSS,Milestone Scientific Inc. Common Stock,$1.08,0.03,2.857%,75598407.00,United States,2015,341097,Health Care,Industrial Specialties
MNK,Mallinckrodt plc Ordinary Shares,$1.28,0.41,47.126%,16858793.00,,2022,3762246,Health Care,Biotechnology: Pharmaceutical Preparations
MPTI,M-tron Industries Inc. Common Stock,$12.02,0.72,6.372%,32776112.00,,2022,8481,,
MPU,Mega Matrix Corp. Common Stock,$1.24,-0.08,-6.061%,39139427.00,United States,1998,358368,Consumer Discretionary,Transportation Services
MSN,Emerson Radio Corporation Common Stock,$0.567,0.0269,4.981%,11931184.00,United States,1994,2303,Consumer Staples,Consumer Electronics/Appliances
MTA,Metalla Royalty & Streaming Ltd. Common Shares,$4.48,0.25,5.91%,221616089.00,,,833619,Basic Materials,Precious Metals
MTNB,Matinas Biopharma Holdings Inc. Common Stock,$0.41,0.04,10.811%,89078456.00,United States,2017,657567,Health Care,Biotechnology: Pharmaceutical Preparations
MWG,Multi Ways Holdings Limited Ordinary Shares,$0.65,0.0087,1.357%,16120000.00,,2023,311753,Consumer Discretionary,Miscellaneous manufacturing industries
MXC,Mexco Energy Corporation Common Stock,$12.22,0.34,2.862%,26175240.00,United States,2003,5535,Energy,Oil & Gas Production
MYO,Myomo Inc. Common Stock,$0.52,0.0099,1.941%,10880177.00,United States,2017,195226,Health Care,Industrial Specialties
NAK,Northern Dynasty Minerals Ltd. Common Stock,$0.23,0.011,5.023%,121849259.00,Canada,,1143919,Basic Materials,Precious Metals
NAVB,Navidea Biopharmaceuticals Inc. Common Stock,$0.0885,0.0065,7.927%,3103206.00,United States,,126716023,Health Care,Biotechnology: In Vitro & In Vivo Diagnostic Substances
NBH,Neuberger Berman Municipal Fund Inc. Common Stock,$10.18,-0.08,-0.78%,0.00,United States,2002,29502,Finance,Finance/Investors Services
NBO,Neuberger Berman New York Municipal Fund Inc. Common Stock,$9.52,0.02,0.211%,0.00,United States,2002,29714,Finance,Finance/Investors Services
NBW,Neuberger Berman California Municipal Fund Inc Common Stock,$10.70,-0.11,-1.018%,0.00,United States,2002,18255,Finance,Finance/Investors Services
NBY,NovaBay Pharmaceuticals Inc. Common Stock,$0.68,0.005,0.741%,1855600.00,United States,2007,179531,,
NEN,New England Realty Associates Limited Partnership Class A Depositary Receipts Evidencing Units of Limited Partnership,$71.00,0.99,1.414%,8350594.00,United States,,222,Finance,Real Estate
NEWP,New Pacific Metals Corp. Common Shares,$2.15,-0.15,-6.522%,337988254.00,,2021,695497,Basic Materials,Precious Metals
NFGC,New Found Gold Corp Common Shares,$4.86,-0.07,-1.42%,852334776.00,,2021,289506,Basic Materials,Precious Metals
NG,Novagold Resources Inc.,$5.08,0.08,1.60%,1696632004.00,Canada,2003,2760031,,
NGD,New Gold Inc.,$1.11,0.03,2.778%,757909110.00,Canada,,9116954,Basic Materials,Metal Mining
NHC,National HealthCare Corporation Common Stock,$61.78,0.88,1.445%,946496969.00,United States,1986,179729,Health Care,Hospital/Nursing Management
NHS,Neuberger Berman High Yield Strategies Fund,$7.63,-0.02,-0.261%,0.00,United States,,120265,Finance,Trusts Except Educational Religious and Charitable
NHWK,NightHawk Biosciences Inc. Common Stock,$0.7002,-0.0299,-4.095%,18239656.00,United States,2022,138145,Health Care,Biotechnology: Pharmaceutical Preparations
NML,Neuberger Berman Energy Infrastructure and Income Fund Inc. Common Stock,$6.62,0.00,0.00%,0.00,,2013,76805,Finance,Finance/Investors Services
NNVC,NanoViricides Inc. Common Stock,$1.12,0.03,2.752%,13065920.00,United States,,11099,Health Care,Biotechnology: Pharmaceutical Preparations
NRO,Neuberger Berman Real Estate Securities Income Fund Inc. Neuberger Berman Real Estate Securities Income Fund Inc.,$2.94,-0.02,-0.676%,0.00,United States,2003,170050,Finance,Finance/Investors Services
NSTB,Northern Star Investment Corp. II Class A Common stock,$10.175,0.0249,0.245%,122850070.00,,2021,453,Finance,Investment Bankers/Brokers/Service
NTIP,Network-1 Technologies Inc. Common Stock,$2.24,0.03,1.357%,53312022.00,United States,,5487,Miscellaneous,Multi-Sector Companies
OBE,Obsidian Energy Ltd. Common Shares,$5.88,-0.01,-0.17%,484760195.00,,2022,486271,,
OGEN,Oragenics Inc. Common Stock,$2.94,-0.06,-2.00%,5952492.00,United States,,9718,Health Care,Biotechnology: Pharmaceutical Preparations
OPTT,Ocean Power Technologies Inc. Common Stock,$0.6239,-0.0161,-2.516%,35071745.00,United States,2007,122610,Utilities,Electric Utilities: Central
ORLA,Orla Mining Ltd. Common Shares,$3.96,0.01,0.253%,1219470120.00,,2020,259527,Basic Materials,Precious Metals
OZ,Belpointe PREP LLC Class A Units,$88.49,-1.39,-1.547%,10264840000.00,,,8768,,
PCG^A,Pacific Gas & Electric Co. 6% Preferred Stock,$22.0188,0.0188,0.085%,,United States,,4029,,
PCG^B,Pacific Gas & Electric Co. 5 1/2% Preferred Stock,$18.76,-0.09,-0.477%,,United States,,1201,,
PCG^C,Pacific Gas & Electric Co. 5% 1st Preferred Stock,$17.21,0.01,0.058%,,United States,,243,,
PCG^D,Pacific Gas & Electric Co. 5% 1st  Red. Preferred Stock,$16.865,-0.3749,-2.175%,,United States,,7685,,
PCG^E,Pacific Gas & Electric Co. 5% 1st A Preferred Stock,$17.42,0.00,0.00%,,United States,,2,,
PCG^G,Pacific Gas & Electric Co. 4.80% 1st Preferred Stock,$16.25,0.00,0.00%,,United States,,1448,,
PCG^H,Pacific Gas & Electric Co. 4.50% 1st Preferred Stock,$16.0136,0.00,0.00%,,United States,,25,,
PCG^I,Pacific Gas & Electric Co. 4.36% 1st Preferred Stock,$15.28,0.00,0.00%,,United States,,240,,
PED,Pedevco Corp. Common Stock,$0.95,0.06,6.742%,82688254.00,United States,,264136,Energy,Oil & Gas Production
PHGE,BiomX Inc. COmmon Stock,$0.3416,-0.0102,-2.899%,15706676.00,,2019,116064,Health Care,Biotechnology: Biological Products (No Diagnostic Substances)
PLAG,Planet Green Holdings Corp. Common Stock,$0.64,-0.36,-36.00%,46132435.00,China,,1704886,Consumer Staples,Packaged Foods
PLG,Platinum Group Metals Ltd. Ordinary Shares (Canada),$1.44,0.00,0.00%,144296706.00,Canada,,82170,Basic Materials,Precious Metals
PLM,Polymet Mining Corporation Ordinary Shares (Canada),$0.87,0.0362,4.342%,88591112.00,Canada,,431932,,
PLX,Protalix BioTherapeutics Inc. (DE) Common Stock,$2.15,-0.10,-4.444%,140642072.00,Israel,,1687026,Health Care,Biotechnology: Biological Products (No Diagnostic Substances)
PLYM^A,Plymouth Industrial REIT Inc. 7.50% Series A Cumulative Redeemable Preferred Stock,$25.70,-0.0016,-0.006%,,United States,,7008,,
POL,Polished Inc. Common Stock,$0.4943,0.0136,2.829%,52587258.00,United States,2020,256560,Consumer Discretionary,Home Furnishings
PRK,Park National Corporation Common Stock,$107.06,-1.90,-1.744%,1732062181.00,United States,1994,220047,Finance,Major Banks
PTN,Palatin Technologies Inc. Common Stock,$2.19,-0.04,-1.794%,25236434.00,United States,1999,62147,Health Care,Biotechnology: Pharmaceutical Preparations
PW,Power REIT (MD) Common Stock,$1.80,-0.03,-1.639%,6101390.00,United States,1998,8073,Real Estate,Real Estate Investment Trusts
PW^A,Power REIT 7.75% Series A Cumulative Perpetual Preferred Stock,$5.00,0.00,0.00%,,United States,,347,,
PZG,Paramount Gold Nevada Corp. Common Stock,$0.359,0.0582,19.348%,17922142.00,United States,2015,615300,Basic Materials,Precious Metals
RCG,RENN Fund Inc Common Stock,$1.74,-0.06,-3.333%,0.00,United States,,37330,Finance,Investment Managers
REI,Ring Energy Inc. Common Stock,$1.81,-0.03,-1.63%,353209154.00,United States,,2646282,Energy,Oil & Gas Production
REPX,Riley Exploration Permian Inc. Common Stock,$37.47,-1.37,-3.527%,756227221.00,United States,1999,85889,Energy,Oil & Gas Production
RHE,Regional Health Properties Inc. Common Stock,$3.41,-0.10,-2.849%,6421125.00,,2017,4943,Real Estate,Real Estate
RHE^A,Regional Health Properties Inc. 10.875% Series A Cumulative Redeemable Preferred Stock,$5.50,0.00,0.00%,,,,10,,
RLGT,Radiant Logistics Inc. Common Stock,$6.61,-0.03,-0.452%,314502690.00,United States,,174829,Consumer Discretionary,Oil Refining/Marketing
RMED,Ra Medical Systems Inc. Common Stock,$1.06,-0.02,-1.852%,5689734.00,,2018,39962,Health Care,Medical/Dental Instruments
RVP,Retractable Technologies Inc. Common Stock,$1.29,-0.01,-0.769%,38618935.00,United States,2001,75399,Health Care,Medical/Dental Instruments
SACC,Sachem Capital Corp. 6.875% Notes due 2024,$23.83,-0.15,-0.626%,1042722733.00,United States,2019,5166,Real Estate,Real Estate Investment Trusts
SACH,Sachem Capital Corp. Common Shares,$3.36,0.04,1.205%,147022593.00,United States,2017,236649,Real Estate,Real Estate Investment Trusts
SACH^A,Sachem Capital Corp. 7.75% Series A Cumulative Redeemable Preferred Stock,$20.52,-1.06,-4.912%,,United States,,12027,,
SATX,SatixFy Communications Ltd. Ordinary Share,$0.41,-0.065,-13.684%,33075796340.00,,2022,538957,Technology,Radio And Television Broadcasting And Communications Equipment
SBEV,Splash Beverage Group Inc. (NV) Common Stock,$0.93,-0.06,-6.061%,39604534.00,,2021,699507,Consumer Staples,Beverages (Production/Distribution)
SCCB,Sachem Capital Corp. 7.125% Notes due 2024,$24.50,0.045,0.184%,1072039738.00,United States,2019,4955,Real Estate,Real Estate Investment Trusts
SCCC,Sachem Capital Corp. 7.75% Notes due 2025,$23.40,-0.06,-0.256%,1023907342.00,United States,2020,1472,Real Estate,Real Estate Investment Trusts
SCCD,Sachem Capital Corp. 6.00% Notes due 2026,$20.88,0.13,0.627%,913640397.00,United States,,2233,Real Estate,Real Estate Investment Trusts
SCCE,Sachem Capital Corp. 6.00% Notes due 2027,$20.65,0.15,0.732%,903576351.00,United States,2022,6702,Real Estate,Real Estate Investment Trusts
SCCF,Sachem Capital Corp. 7.125% Notes due 2027,$21.12,0.00,0.00%,924142011.00,United States,2022,88,Real Estate,Real Estate Investment Trusts
SCCG,Sachem Capital Corp. 8.00% Notes due 2027,$21.61,-0.2201,-1.008%,945582806.00,United States,2022,10258,Real Estate,Real Estate Investment Trusts
SDPI,Superior Drilling Products Inc. Common Stock,$1.18,-0.03,-2.479%,34509194.00,,2014,58148,Industrials,Metal Fabrications
SEB,Seaboard Corporation Common Stock,$3704.46,4.49,0.121%,4300059374.00,United States,1996,1175,Industrials,Farming/Seeds/Milling
SENS,Senseonics Holdings Inc. Common Stock,$0.80,0.0261,3.373%,383897356.00,United States,,12228363,Industrials,Industrial Machinery/Components
SGE,Strong Global Entertainment Inc. Class A Common Voting Shares,$3.40,0.01,0.295%,0.00,,2023,13596,,
SIF,SIFCO Industries Inc. Common Stock,$2.58,0.14,5.738%,15733400.00,United States,1969,1149,Industrials,Office Equipment/Supplies/Services
SILV,SilverCrest Metals Inc. Common Shares,$6.03,-0.05,-0.822%,887802930.00,,2018,3591353,Industrials,Industrial Machinery/Components
SIM,Grupo Simec S.A.B. de C.V. American Depositary Shares,$31.05,0.00,0.00%,4783106441.00,Mexico,1998,734,Industrials,Steel/Iron Ore
SKYH,Sky Harbour Group Corporation Class A Common Stock,$5.23,0.38,7.835%,298789016.00,,2022,30262,Industrials,Military/Government/Technical
SLI,Standard Lithium Ltd. Common Shares,$4.26,-0.03,-0.699%,709512359.00,,2021,994291,,
SLND,Southland Holdings Inc. Common Stock,$9.23,0.39,4.412%,279733942.00,United States,,352081,Industrials,Military/Government/Technical
SSY,SunLink Health Systems Inc. Common Stock,$0.8727,0.0217,2.55%,6136480.00,United States,1996,11511,Health Care,Hospital/Nursing Management
STRW,Strawberry Fields REIT Inc. Common Stock,$6.95,-0.63,-8.311%,44180149.00,,2023,45585,Real Estate,Real Estate Investment Trusts
STXS,Stereotaxis Inc. Common Stock,$1.61,-0.41,-20.297%,129892184.00,United States,,2218690,Health Care,Biotechnology: Electromedical & Electrotherapeutic Apparatus
SVM,Silvercorp Metals Inc. Common Shares,$2.83,-0.05,-1.736%,500262680.00,,,3560766,,
SVT,Servotronics Inc. Common Stock,$14.32,1.22,9.313%,36162482.00,United States,1970,12142,Consumer Discretionary,Industrial Machinery/Components
TELL,Tellurian Inc. Common Stock,$1.38,0.04,2.985%,776676278.00,United States,,39404869,Energy,Oil & Gas Production
TELZ,Tellurian Inc. 8.25% Senior Notes due 2028,$18.70,0.75,4.178%,10524526374.00,United States,,7115,Energy,Oil & Gas Production
TGB,Taseko Mines Ltd. Common Stock,$1.46,-0.02,-1.351%,421088820.00,Canada,,2549693,Basic Materials,Precious Metals
THM,International Tower Hill Mines Ltd. Ordinary Shares (Canada),$0.4302,-0.0061,-1.398%,84023732.00,Canada,,44720,Basic Materials,Metal Mining
TKAT,Takung Art Co. Ltd. Common Stock,$0.39,-0.05,-11.364%,13646836.00,,,224679,Consumer Discretionary,Other Specialty Stores
TMBR,Timber Pharmaceuticals Inc. Common Stock,$2.00,0.14,7.527%,6088968.00,United States,2015,103103,Health Care,Biotechnology: Pharmaceutical Preparations
TMP,Tompkins Financial Corporation Common Stock,$59.85,-0.25,-0.416%,868954729.00,United States,1997,121495,Finance,Major Banks
TMQ,Trilogy Metals Inc. Common Stock,$0.58,0.015,2.655%,86394864.00,Canada,,76280,,
TOVX,Theriva Biologics Inc. Common Stock,$0.7025,0.0025,0.357%,10624653.00,United States,,23433,Health Care,Biotechnology: Pharmaceutical Preparations
TPET,Trio Petroleum Corp. Common Stock,$1.1321,-0.1179,-9.432%,28103479.00,,2023,102786,Energy,Oil & Gas Production
TPHS,Trinity Place Holdings Inc. Common Stock,$0.56,0.0047,0.846%,20857762.00,,,56047,Real Estate,Building operators
TRT,Trio-Tech International Common Stock,$4.98,0.06,1.22%,20401466.00,United States,1998,2257,Technology,Industrial Machinery/Components
TRX,TRX Gold Corporation Common Stock,$0.4519,0.0069,1.551%,125126577.00,Canada,,232549,,
UAMY,United States Antimony Corporation Common Stock,$0.335,0.005,1.515%,35635069.00,United States,,116208,,
UAVS,AgEagle Aerial Systems Inc. Common Stock,$0.263,-0.022,-7.719%,24280522.00,United States,,1892163,Industrials,Aerospace
UEC,Uranium Energy Corp. Common Stock,$3.29,0.04,1.231%,1235038035.00,Canada,,14682954,Basic Materials,Other Metals and Minerals
UFAB,Unique Fabricating Inc. Common Stock,$0.241,0.0056,2.379%,2827688.00,United States,2015,311109,Consumer Discretionary,Auto Parts:O.E.M.
URG,Ur Energy Inc Common Shares (Canada),$1.11,0.06,5.714%,293846752.00,Canada,,3402991,,
USAS,Americas Gold and Silver Corporation Common Shares no par value,$0.3766,-0.0123,-3.163%,1276191.00,,2017,2592751,Basic Materials,Metal Mining
UTG,Reaves Utility Income Fund Common Shares of Beneficial Interest,$27.90,0.16,0.577%,0.00,United States,2004,198797,Finance,Investment Managers
UUU,Universal Security Instruments Inc. Common Stock,$2.29,0.125,5.774%,5296511.00,United States,2003,32086,Technology,Electronic Components
UUUU,Energy Fuels Inc Ordinary Shares (Canada),$6.41,-0.06,-0.927%,1001640696.00,,,1617508,,
VFL,Delaware Investments National Municipal Income Fund Common Stock,$9.93,-0.01,-0.101%,0.00,United States,1993,53623,Finance,Finance/Investors Services
VGZ,Vista Gold Corp Common Stock,$0.5288,-0.0009,-0.17%,63364820.00,United States,1986,105574,Basic Materials,Precious Metals
VHAQ,Viveon Health Acquisition Corp. Common Stock,$11.13,0.00,0.00%,112013700.00,,2021,1200,Health Care,Biotechnology: Pharmaceutical Preparations
VINE,Fresh Vine Wine Inc. Common Stock,$0.3511,-0.0189,-5.108%,5574143.00,,2021,328168,Consumer Staples,Beverages (Production/Distribution)
VKI,Invesco Advantage Municipal Income Trust II Common Shares of Beneficial Interest (DE),$8.33,-0.06,-0.715%,369902147.00,United States,1993,100959,Finance,Finance Companies
VNRX,VolitionRX Limited Common Stock,$1.72,0.14,8.861%,108669320.00,Singapore,2015,408836,Health Care,Biotechnology: In Vitro & In Vivo Diagnostic Substances
VZLA,Vizsla Silver Corp. Common Shares,$1.13,0.03,2.727%,203745948.00,,2022,377224,Basic Materials,Precious Metals
WLMS,Williams Industrial Services Group Inc. Common Stock,$0.39,-0.0052,-1.316%,10612052.00,,2021,41048,Industrials,Military/Government/Technical
WRAC,Williams Rowland Acquisition Corp. Common Stock,$10.31,0.00,0.00%,0.00,,2021,15,Finance,Blank Checks
WRN,Western Copper and Gold Corporation Common Stock,$1.64,0.02,1.235%,250686459.00,Canada,2011,25087,,
WTT,Wireless Telecom Group  Inc. Common Stock,$2.08,0.00,0.00%,44347778.00,United States,1993,669247,Telecommunications,Telecommunications Equipment
WWR,Westwater Resources Inc. Common Stock,$0.85,-0.0199,-2.288%,43264795.00,United States,,172044,Basic Materials,Metal Mining
WYY,WidePoint Corporation Common Stock,$1.92,0.01,0.524%,16868383.00,United States,,30294,Technology,EDP Services
XPL,Solitario Zinc Corp. Common Stock,$0.58,-0.0097,-1.645%,37584796.00,United States,,15224,Basic Materials,Precious Metals
XTNT,Xtant Medical Holdings Inc. Common Stock,$0.71,0.0174,2.512%,77316904.00,United States,,11459,Health Care,Biotechnology: Biological Products (No Diagnostic Substances)
YCBD,cbdMD Inc. Common Stock,$1.70,-0.03,-1.734%,4853699.00,United States,2017,466674,Consumer Discretionary,Package Goods/Cosmetics
YCBD^A,cbdMD Inc. 8.0% Series A Cumulative Convertible Preferred Stock,$3.25,0.25,8.333%,,United States,,22962,,
ZDGE,Zedge Inc. Class B Common Stock ,$2.03,-0.02,-0.976%,29794032.00,,2016,45543,Technology,Computer Software: Prepackaged Software
ZOM,Zomedica Corp. Common Shares,$0.21,0.0148,7.582%,205789430.00,United States,2017,6650734,Health Care,Biotechnology: Pharmaceutical Preparations
